rs_id	CHROM	END	REF	ALT	effect	SYMBOL	ENSEMBL_ID	ASSAY_REF
rs2230707	chr1	18876402	G	A	synonymous_variant	ALDH4A1	ENSG00000159423	C_169533_20
rs2501431	chr1	23875153	G	A	synonymous_variant	CNR2	ENSG00000188822	C_515482_10
rs1065324	chr2	33187010	G	A	synonymous_variant	LTBP1	ENSG00000049323	C_8839400_1
rs1594	chr2	201160898	A	G	synonymous_variant	CFLAR	ENSG00000003402	C_11460475_1
rs1485175	chr3	7579102	T	C	synonymous_variant	GRM7	ENSG00000196277	C_3149607_10
rs13091	chr3	183842407	A	G	synonymous_variant	PARL	ENSG00000283765 | ENSG00000175193	C_8256175_10
rs344143	chr4	76741156	C	T	synonymous_variant	SHROOM3 | SHROOM3-AS1	ENSG00000138771 | ENSG00000233860	C_1184435_10
rs3796621	chr4	989064	G	A	synonymous_variant	SLC26A1 | IDUA	ENSG00000145217 | ENSG00000127415	C_22273600_10
rs2287988	chr5	96901622	G	A	synonymous_variant	ERAP2	ENSG00000247121 | ENSG00000164308	C_25649516_10
rs309557	chr5	83538811	T	C	synonymous_variant	VCAN | VCAN-AS1	ENSG00000038427 | ENSG00000249835	C_2838902_20
rs1126476	chr6	39080715	A	C	synonymous_variant	GLP1R	ENSG00000112164	C_11607356_10
rs974110	chr6	65402516	A	G	synonymous_variant	EYS	ENSG00000188107	C_8307036_10
rs885337	chr7	47931978	A	G	synonymous_variant	PKD1L1	ENSG00000158683	C_7593998_10
rs1053275	chr7	95372243	C	T	synonymous_variant	PON3	ENSG00000105852	C_2630120_30
rs2306386	chr8	144517495	T	C	synonymous_variant	RECQL4	ENSG00000160957	C_16193678_10
rs1045531	chr8	142682129	C	A	synonymous_variant	PSCA	ENSG00000167653	C_8896486_10
rs7158	chr9	37782114	C	T	synonymous_variant	EXOSC3	ENSG00000255872 | ENSG00000107371	C_8777590_1
rs1381532	chr9	97428498	A	G	synonymous_variant	TDRD7	ENSG00000196116	C_1626563_20
rs41290504	chr10	99533278	C	A	synonymous_variant	NKX2-3	ENSG00000119919	C_3018638_10
rs2277207	chr10	112160707	G	A	synonymous_variant	GPAM	ENSG00000119927	C_428820_20
rs908229	chr11	1232712	T	C	synonymous_variant	MUC5B	ENSG00000117983	C_7468846_10
rs2230004	chr11	128463608	T	C	synonymous_variant	ETS1	ENSG00000134954	C_189712084_10
rs10771381	chr12	9162613	A	G	synonymous_variant	PZP	ENSG00000126838	C_2775001_10
rs1249950	chr12	54576670	T	C	synonymous_variant	PPP1R1A | PDE1B	ENSG00000135447 | ENSG00000123360	C_7569593_10
rs4103	chr13	110445879	C	T	synonymous_variant	COL4A2	ENSG00000134871	C_11923880_10
rs4773092	chr13	109783606	A	G	synonymous_variant	IRS2	ENSG00000185950	C_27888645_20
rs2069540	chr14	23433544	G	A	synonymous_variant	MYH7|MYH6	ENSG00000092054|ENSG00000197616	C_16284959_10
rs1051861	chr14	58371983	C	T	synonymous_variant	ARID4A 	ENSG00000151320 | ENSG00000302430	C_7596519_20
rs140685	chr15	26943312	C	T	synonymous_variant	GABRA5	ENSG00000186297	C_1028939_1
rs1800419	chr15	27851392	A	G	synonymous_variant	OCA2	ENSG00000104044	C_2720893_10
rs224207	chr16	3247175	T	C	synonymous_variant	MEFV	ENSG00000103313	C_2394709_10
rs1050163	chr16	15717166	C	T	synonymous_variant|intergenic_variant	NDE1 | MYH11	ENSG00000072864 | ENSG00000133392	C_2614891_10
rs395357	chr17	3532786	C	T	synonymous_variant	TRPV3	ENSG00000167723	C_8728986_10
rs4796854	chr17	81941619	G	A	synonymous_variant	PYCR1 | MYADML2	ENSG00000183010 | ENSG00000185105	C_25844_10
rs3809997	chr18	75286931	T	C	synonymous_variant	TSHZ1	ENSG00000179981	ANZTZWV
rs2229082	chr18	53410624	T	C	synonymous_variant	DCC	ENSG00000187323	C_231264_10
rs8102373	chr19	52321982	A	G	synonymous_variant	ZNF480	ENSG00000198464 | ENSG00000269535	ANXHDRZ
rs3745504	chr19	50268352	G	A	synonymous_variant	MYH14	ENSG00000105357	C_2942248_20
rs2296241	chr20	54169680	G	A	synonymous_variant	CYP24A1	ENSG00000019186	C_1915656_30
rs13036542	chr20	64105965	G	A	synonymous_variant|intergenic_variant	MYT1 | NPBWR2	ENSG00000196132 | ENSG00000125522	C_25643806_10
rs2839181	chr21	46266025	A	G	synonymous_variant	MCM3AP	ENSG00000160294	C_3270941_10
rs3746893	chr21	41741717	C	T	synonymous_variant	RIPK4	ENSG00000183421	C_1723427_30
rs34966902	chrX	153776964	G	A	synonymous_variant	PLXNB3 | SRPK3	ENSG00000198753 | ENSG00000184343	C_25758732_10
rs5944318	chrX	26139675	C	T	synonymous_variant	MAGEB18	ENSG00000176774 | ENSG00000304664	C_28949280_10
