Sample/Assay;ARID4A;PPP1R1A | PDE1B;MEFV;RECQL4;COL4A2;PON3;NKX2-3;CYP24A1;VCAN | VCAN-AS1;MYH7;PSCA;GLP1R;TDRD7;CFLAR;CNR2;ALDH4A1;GRM7;TRPV3;PLXNB3 | SRPK3;| EXOSC3;PKD1L1;LTBP1;PZP;MUC5B;EYS;18s;MYT1 | NPBWR2;IRS2;GPAM;ETS1;EIF4ENIF1;| ERAP2;GABRA5;MAGEB18 |;SLC26A1 | IDUA;TSHZ1 (C__25764949_10);PYCR1 | MYADML2;MYH14;UTY;MCM3AP;OCA2;DCC;SHROOM3 | SHROOM3-AS1;| PARL;NDE1 | MYH11;ZNF480 (C__25969738_10);RIPK4;ZNRF3 (C__25625399_20)
ND001.01;T/T;C/C;C/C;C/T;T/T;C/T;C/C;A/G;C/C;A/A;A/A;A/A;G/G;G/G;A/G;G/G;C/T;C/T;A/G;C/C;G/G;A/G;A/G;C/T;G/G;G/G;A/G;A/A;A/G;C/C;A/A;A/G;C/C;C/T;A/G;C/C;G/G;A/A;G/G;A/G;G/G;C/C;T/T;G/G;C/C;G/G;C/T;A/A
ND002.01;T/T;C/C;T/T;C/C;C/C;C/T;C/C;A/G;C/C;A/G;A/A;A/C;G/G;A/A;G/G;A/A;T/T;T/T;G/G;T/T;G/G;A/A;A/G;T/T;G/G;G/G;A/G;G/G;A/G;C/C;A/A;G/G;C/T;T/T;A/G;T/T;G/G;A/G;G/G;G/G;G/G;C/T;C/T;A/G;C/T;A/G;C/C;A/C
ND003.01;T/T;T/T;T/T;C/T;C/C;C/T;A/C;A/G;C/C;G/G;C/C;A/C;A/A;A/A;A/G;A/G;C/T;C/T;A/A;C/C;A/A;A/G;A/G;C/T;G/G;G/G;A/A;G/G;A/A;T/T;A/A;A/A;T/T;C/C;A/G;T/T;G/A;A/G;G/G;A/A;A/G;T/T;C/C;G/G;T/T;G/G;T/T;UND
ND004.01;T/T;C/C;C/T;C/T;C/T;T/T;A/C;G/G;C/T;A/G;A/A;A/C;A/G;A/G;G/G;A/G;C/T;T/T;A/A;T/T;G/G;A/G;G/G;T/T;A/A;G/G;A/A;G/G;G/G;T/C;A/A;G/G;C/C;C/C;A/G;C/T;G/A;A/G;G/G;A/A;G/G;C/T;C/C;A/G;T/T;A/A;C/T;A/C
ND005.01;T/T;C/T;C/T;T/T;C/T;C/T;A/C;A/G;C/C;G/G;A/C;A/C;A/A;A/G;G/G;A/G;C/C;C/T;A/G;C/T;A/G;A/G;G/G;C/C;A/A;G/G;A/G;G/G;A/G;T/T;A/A;A/A;C/T;C/C;A/G;C/T;G/A;A/G;G/G;A/G;A/G;C/T;C/T;A/G;T/T;A/A;T/T;A/A
ND006.01;C/T;C/C;T/T;C/T;C/T;C/T;A/C;A/A;C/C;G/G;A/A;C/C;A/G;G/G;G/G;G/G;C/T;C/T;A/A;C/T;A/A;A/A;A/G;C/C;A/G;G/G;A/G;G/G;G/G;C/C;A/A;A/G;T/T;T/T;A/A;C/C;G/G;A/G;G/G;A/A;A/G;T/T;C/T;A/G;T/T;G/G;C/T;UND
ND007.01;T/T;C/C;C/T;T/T;C/T;C/T;A/C;A/G;C/C;G/G;C/C;A/A;G/G;A/A;A/A;A/G;T/T;C/T;A/G;C/T;A/G;A/A;A/G;T/T;A/G;G/G;A/A;A/G;A/G;T/C;A/A;G/G;T/T;T/T;G/G;C/T;G/A;A/G;G/G;A/A;A/G;C/T;T/T;A/A;T/T;UND;C/T;A/A
ND008.01;C/T;C/C;C/T;C/C;C/T;C/T;A/C;A/A;C/T;G/G;C/C;A/A;A/G;A/G;A/G;G/G;C/T;C/T;A/A;C/T;A/G;A/G;A/G;C/C;A/G;G/G;A/G;G/G;A/G;T/C;A/A;A/G;T/T;C/T;A/G;C/T;A/A;A/A;G/G;A/G;A/G;C/C;T/T;A/G;C/T;A/A;C/T;A/C
ND009.01;T/T;C/T;C/C;C/T;C/C;C/T;C/C;UND;C/T;A/G;A/C;C/C;A/A;A/G;G/G;A/A;C/T;C/C;G/G;T/T;G/G;A/G;A/A;C/C;G/G;G/G;A/G;A/G;A/G;C/C;A/A;G/G;C/C;T/T;A/G;T/T;A/A;A/G;G/G;A/G;G/G;C/C;C/C;A/A;C/T;G/G;C/T;A/C
ND010.01;C/T;C/C;C/T;T/T;C/T;C/T;A/C;A/G;C/T;G/G;C/C;A/A;A/G;A/A;A/G;A/A;T/T;C/C;A/A;C/C;G/G;A/G;A/G;C/C;G/G;G/G;A/A;A/A;A/G;T/C;A/A;A/G;T/T;T/T;A/A;C/C;G/G;A/A;G/G;A/A;A/A;C/C;C/T;A/G;T/T;G/G;T/T;A/C
ND011.01;C/C;C/C;C/C;T/T;C/T;C/T;C/C;A/G;C/T;A/G;A/C;C/C;A/G;A/A;A/G;A/G;C/T;C/C;A/G;C/T;A/G;A/A;A/G;C/C;A/A;G/G;A/G;G/G;G/G;C/C;A/A;A/G;C/T;C/C;G/G;C/T;A/A;A/G;G/G;A/G;G/G;C/T;C/T;A/G;C/T;A/G;C/T;A/C
ND012.01;C/T;C/C;C/T;T/T;C/T;C/T;A/A;A/A;C/T;A/G;A/A;A/A;A/G;A/A;A/G;A/G;T/T;C/T;A/A;C/C;A/A;A/G;A/A;T/T;A/G;G/G;A/G;A/G;A/A;C/C;A/A;A/G;T/T;C/C;A/A;T/T;G/A;A/A;G/G;A/A;A/G;C/T;C/C;A/G;C/T;G/G;T/T;A/A
ND013.01;C/C;T/T;C/T;C/T;C/T;C/T;A/C;A/A;C/C;G/G;A/C;A/C;A/G;G/G;A/A;G/G;C/C;T/T;A/G;C/C;G/G;A/G;A/G;C/C;G/G;G/G;A/G;A/A;A/A;C/C;A/G;G/G;C/C;T/T;A/G;T/T;G/A;UND;G/G;A/G;A/G;T/T;C/C;A/G;C/T;G/G;T/T;A/A
ND014.01;C/C;C/C;C/T;C/T;C/T;C/T;C/C;A/G;C/T;A/G;C/C;A/C;A/G;G/G;A/A;A/A;C/T;C/T;A/A;T/T;A/A;A/A;A/A;C/T;A/A;G/G;A/A;A/G;A/G;T/C;A/A;A/A;C/C;T/T;A/A;C/T;G/A;A/G;G/G;A/G;A/A;C/T;C/T;G/G;C/T;A/G;C/C;A/A
ND015.01;C/T;C/C;C/T;C/C;C/T;T/T;C/C;A/G;C/T;A/G;C/C;C/C;G/G;G/G;G/G;A/G;T/T;T/T;A/A;T/T;A/G;G/G;A/G;C/C;A/G;G/G;A/G;A/A;A/A;T/C;A/A;A/G;C/C;C/C;A/A;C/T;G/G;A/G;G/G;A/A;A/G;C/C;C/T;G/G;C/C;A/A;C/C;A/C
ND016.01;C/C;C/T;C/T;C/T;C/T;T/T;C/C;G/G;C/T;A/G;A/A;A/C;A/G;A/A;A/G;G/G;T/T;C/T;A/G;T/T;A/G;A/A;A/A;C/T;A/A;G/G;A/A;A/G;G/G;T/C;A/A;A/G;C/C;C/T;A/G;C/T;G/A;G/G;G/G;G/G;A/G;T/T;C/T;A/G;C/C;A/G;T/T;A/A
ND017.01;T/T;C/T;C/T;C/T;C/T;C/C;C/C;A/G;T/T;A/G;C/C;A/C;A/A;G/G;A/G;A/A;C/C;C/T;A/A;C/T;A/G;A/G;A/A;C/C;G/G;G/G;G/G;G/G;A/G;T/C;A/A;A/G;T/T;C/T;A/A;T/T;G/A;A/G;G/G;A/A;A/G;C/T;C/C;A/A;T/T;A/G;T/T;A/A
ND018.01;T/T;C/C;C/C;C/C;C/T;C/T;A/C;A/A;C/C;G/G;C/C;A/C;A/A;A/G;A/G;A/G;C/C;C/T;A/G;C/T;G/G;G/G;A/G;T/T;G/G;G/G;A/G;G/G;G/G;T/C;A/A;A/G;C/C;C/C;A/G;T/T;G/A;A/A;G/G;A/A;A/A;T/T;C/T;A/A;C/C;UND;C/T;A/A
ND019.01;T/T;C/C;C/C;C/C;C/T;C/T;A/A;A/A;C/T;A/A;A/C;C/C;G/G;G/G;A/A;A/G;T/T;T/T;G/G;C/C;A/G;A/G;A/A;C/T;A/A;G/G;A/G;A/G;A/A;C/C;A/G;A/G;C/T;T/T;A/G;C/T;G/A;A/G;G/G;G/G;A/A;C/T;C/T;A/A;C/T;A/A;T/T;UND
ND020.01;C/T;C/T;C/C;C/C;T/T;C/T;A/C;G/G;C/T;A/G;A/C;C/C;A/G;A/A;A/G;A/G;T/T;T/T;A/A;C/T;A/G;G/G;A/G;C/T;A/G;G/G;A/A;G/G;A/G;T/C;A/A;G/G;C/T;C/C;A/G;C/T;A/A;A/G;G/G;A/G;G/G;C/T;C/T;A/G;T/T;A/G;T/T;A/C
ND021.01;C/T;C/T;C/T;C/C;T/T;T/T;A/A;A/A;C/T;A/A;C/C;C/C;A/G;A/A;G/G;A/G;C/T;C/T;A/A;C/C;A/G;G/G;A/G;C/T;A/A;G/G;A/G;A/G;A/G;T/T;A/A;A/G;T/T;C/T;A/G;T/T;G/G;G/G;G/G;G/G;A/G;C/T;T/T;A/A;C/C;A/G;C/T;A/A
ND022.01;C/C;C/T;C/C;T/T;C/T;C/T;A/C;G/G;T/T;A/G;C/C;C/C;A/G;A/G;G/G;A/G;T/T;T/T;A/G;C/T;G/G;G/G;A/G;C/C;G/G;G/G;A/A;G/G;A/A;T/C;A/A;A/G;C/T;C/C;A/G;C/T;A/A;A/G;G/G;A/G;A/G;C/T;T/T;A/G;C/T;A/G;C/T;A/A
ND023.01;C/T;T/T;C/C;C/C;C/C;C/C;A/C;G/G;C/T;A/G;A/A;A/A;G/G;A/A;G/G;G/G;T/T;C/T;A/A;C/T;A/G;A/A;G/G;C/T;A/G;G/G;A/A;G/G;A/A;T/C;A/G;A/G;C/T;C/T;A/G;C/C;G/A;A/A;G/G;G/G;A/A;C/T;C/T;G/G;C/T;A/G;C/T;A/A
ND024.01;C/C;C/C;C/C;C/T;C/C;C/T;A/A;A/G;C/T;A/G;A/A;C/C;G/G;G/G;G/G;A/G;C/T;T/T;G/G;C/T;A/A;A/A;G/G;C/C;A/G;G/G;A/G;A/G;A/G;C/C;A/A;G/G;C/C;C/C;A/G;C/T;G/A;A/G;G/G;A/G;A/A;C/T;C/C;G/G;C/T;G/G;T/T;A/C
ND025.01;C/T;C/T;T/T;C/T;T/T;T/T;C/C;A/A;C/C;A/G;A/C;C/C;A/G;G/G;G/G;A/G;T/T;C/C;A/G;C/T;A/A;A/A;A/G;C/T;A/G;G/G;A/A;A/G;G/G;C/C;A/A;A/G;C/T;C/T;G/G;C/T;G/A;A/G;G/G;A/G;A/G;T/T;T/T;G/G;C/T;A/G;C/C;A/C
ND026.01;T/T;C/C;C/T;C/T;T/T;C/T;A/C;A/G;C/C;A/G;A/A;A/C;A/A;A/A;A/A;G/G;C/T;C/T;A/A;T/T;G/G;A/G;A/G;C/C;G/G;G/G;A/A;G/G;A/G;T/C;A/A;G/G;C/T;T/T;A/G;T/T;G/G;A/A;G/G;A/G;A/G;C/C;T/T;G/G;T/T;A/G;T/T;A/A
ND027.01;C/T;C/T;C/T;C/C;C/T;C/C;C/C;A/A;C/T;A/G;C/C;A/A;A/G;G/G;G/G;A/G;T/T;C/T;A/A;C/T;G/G;A/G;A/G;C/T;A/G;G/G;A/A;A/G;A/G;C/C;A/A;G/G;C/C;C/C;A/G;C/C;G/A;A/A;G/G;A/A;G/G;C/C;C/T;G/G;T/T;G/G;C/T;A/A
ND028.01;C/T;C/C;C/T;C/T;C/C;C/T;C/C;A/A;C/T;A/G;C/C;C/C;A/G;A/G;A/A;G/G;C/C;T/T;A/A;C/T;A/G;A/G;A/G;T/T;G/G;G/G;A/G;G/G;A/A;T/C;A/A;A/G;T/T;C/T;G/G;C/T;A/A;A/G;G/G;A/G;A/A;C/T;C/T;A/G;C/T;A/G;C/T;UND
ND029.01;C/C;C/T;C/T;T/T;C/T;C/C;A/A;A/G;C/T;A/G;A/C;A/C;A/G;A/G;A/G;A/G;C/C;T/T;A/G;C/C;G/G;A/G;A/A;T/T;A/G;G/G;G/G;A/G;A/A;T/C;A/G;A/G;C/T;C/C;A/G;C/T;G/A;A/G;G/G;G/G;A/A;C/C;C/C;A/G;C/T;A/G;T/T;A/A
ND030.01;C/C;C/T;C/C;C/C;T/T;C/C;A/C;A/G;C/T;G/G;A/A;A/C;A/G;A/G;G/G;A/G;C/T;C/C;G/G;T/T;G/G;A/A;A/G;C/C;A/G;G/G;A/G;G/G;A/A;C/C;A/A;A/G;C/T;C/C;A/G;T/T;G/A;A/A;G/G;A/A;A/G;C/T;C/C;A/G;T/T;A/G;T/T;A/A
ND031.01;C/T;T/T;C/T;C/C;C/T;T/T;C/C;G/G;C/T;A/G;A/C;A/C;G/G;A/G;A/A;G/G;C/T;C/C;G/G;C/T;A/G;A/G;A/G;C/C;G/G;G/G;A/A;A/G;A/G;T/C;A/G;G/G;C/T;C/C;A/G;C/T;G/A;G/G;G/G;A/G;G/G;C/C;C/T;A/A;C/T;A/G;T/T;A/C
ND032.01;C/C;T/T;C/C;C/T;T/T;C/C;A/C;A/G;T/T;A/G;A/C;A/C;G/G;A/G;A/G;G/G;T/T;C/T;A/A;T/T;A/A;A/A;G/G;C/T;G/G;G/G;A/G;A/A;A/G;T/C;A/G;G/G;T/T;C/C;A/A;C/T;A/A;A/G;G/G;A/A;A/G;T/T;C/C;A/G;C/T;A/G;T/T;A/A
ND033.01;T/T;C/T;C/C;C/C;C/T;T/T;A/C;A/A;C/T;A/G;A/C;A/C;A/A;A/G;A/G;A/A;T/T;C/C;A/A;C/T;A/A;A/G;G/G;C/T;A/G;G/G;A/G;A/G;G/G;T/C;A/A;A/A;C/C;C/T;A/A;T/T;G/A;A/A;G/G;A/G;G/G;T/T;C/C;A/G;C/T;A/A;C/T;A/C
ND034.01;C/T;C/C;T/T;C/C;C/T;C/T;A/A;G/G;C/C;A/G;A/C;C/C;A/A;A/A;A/A;G/G;C/C;C/T;A/A;T/T;A/G;A/A;A/G;C/T;A/A;G/G;A/A;G/G;A/A;C/C;A/A;G/G;C/T;C/T;A/G;C/T;A/A;A/A;G/G;G/G;G/G;C/C;T/T;G/G;T/T;A/G;C/C;A/A
ND035.01;C/T;C/T;C/C;UND;C/C;UND;A/A;A/G;C/T;UND;C/C;A/C;A/G;A/G;A/G;G/G;C/T;C/C;UND;C/C;A/G;A/A;A/A;C/C;A/G;G/G;A/G;G/G;G/G;C/C;A/G;A/G;C/T;C/C;A/A;T/T;G/A;UND;G/G;A/G;A/G;C/T;C/C;A/G;C/C;A/G;C/C;A/C
ND036.01;C/C;UND;C/T;C/T;C/C;C/T;C/C;A/G;C/T;A/G;A/A;UND;A/G;G/G;A/G;A/G;C/T;C/T;A/G;T/T;A/A;UND;G/G;C/C;A/A;G/G;A/G;A/G;G/G;T/C;A/A;A/G;C/T;C/C;G/G;T/T;UND;UND;G/G;A/G;A/G;C/T;C/T;A/G;C/T;A/G;C/C;UND
ND037.01;C/C;T/T;T/T;C/C;C/C;C/C;C/C;A/G;T/T;A/G;A/C;A/C;G/G;A/A;A/G;A/A;C/T;C/T;G/G;C/T;A/G;A/G;A/G;C/C;G/G;G/G;G/G;G/G;G/G;T/C;A/G;A/A;C/T;T/T;A/G;C/T;A/A;A/A;G/G;A/G;A/G;T/T;T/T;G/G;C/C;UND;T/T;A/A
ND038.01;C/C;C/T;C/C;C/T;C/T;C/T;A/C;A/A;C/T;A/G;A/A;A/A;A/G;A/G;A/G;A/G;C/T;C/T;A/A;C/T;A/G;A/G;A/G;C/C;A/G;G/G;A/G;G/G;A/A;T/C;A/A;G/G;C/T;C/C;A/G;C/T;G/G;A/G;G/G;A/G;A/G;C/C;C/C;A/G;C/T;A/A;C/C;A/A
ND039.01;C/C;C/C;C/C;C/C;C/T;C/T;A/C;A/A;UND;UND;A/A;A/A;A/A;A/G;A/G;A/G;T/T;UND;A/G;T/T;G/G;G/G;A/G;T/T;G/G;G/G;A/G;A/G;A/G;C/C;A/A;A/A;C/T;C/C;A/G;C/C;G/A;A/A;G/G;A/G;A/A;C/T;C/T;G/G;C/T;A/G;C/T;UND
ND040.01;T/T;C/T;C/C;C/C;C/C;C/T;A/A;A/G;C/T;UND;A/C;A/A;A/G;G/G;A/G;A/G;C/C;UND;A/G;C/C;A/G;A/A;A/A;C/T;A/A;G/G;A/A;G/G;A/A;C/C;A/A;A/G;C/C;C/T;G/G;C/T;G/G;A/A;G/G;UND;A/G;C/T;T/T;UND;C/T;A/G;T/T;A/A
ND041.01;C/T;C/C;C/C;C/C;C/T;C/T;A/C;A/G;UND;A/G;A/C;A/C;A/G;A/A;A/G;A/A;C/T;C/T;UND;T/T;UND;G/G;A/A;C/C;A/G;G/G;A/G;A/G;A/A;T/C;A/A;G/G;C/C;C/T;A/G;C/T;G/A;UND;G/G;A/G;A/A;UND;C/C;A/A;C/T;A/G;C/T;A/C
ND042.01;C/T;C/C;C/T;C/T;C/C;UND;A/A;UND;UND;A/G;A/A;C/C;A/A;A/G;A/G;A/A;C/T;C/C;UND;T/T;G/G;G/G;G/G;C/C;A/G;G/G;A/A;G/G;A/A;T/T;A/A;A/G;C/T;C/C;A/A;T/T;UND;A/A;G/G;A/G;A/G;C/T;C/C;A/G;T/T;A/A;C/T;UND
ND043.01;C/T;C/T;C/C;T/T;C/C;UND;A/C;A/G;C/T;A/G;A/C;A/A;A/G;A/G;A/G;G/G;C/C;C/T;A/G;T/T;A/G;UND;A/A;C/C;G/G;G/G;A/G;G/G;A/G;T/C;A/A;G/G;C/T;C/C;A/G;C/T;G/A;G/G;G/G;A/G;A/G;T/T;T/T;A/G;T/T;UND;T/T;A/C
ND044.01;C/T;T/T;C/T;C/T;C/C;T/T;C/C;UND;C/T;UND;A/A;A/A;A/G;A/G;A/A;A/G;C/T;UND;UND;T/T;G/G;UND;G/G;T/T;A/A;G/G;A/A;A/G;A/G;T/C;A/A;UND;C/T;T/T;A/G;C/T;UND;A/A;G/G;UND;A/A;C/T;C/C;A/A;C/T;A/G;T/T;A/A
ND045.01;T/T;C/T;C/C;C/C;C/C;C/T;A/A;A/G;C/C;G/G;A/C;A/C;G/G;A/G;A/G;G/G;C/C;C/T;A/G;C/T;A/G;G/G;A/G;C/T;A/G;G/G;G/G;A/G;A/A;T/C;A/A;G/G;C/C;C/T;A/A;T/T;G/A;A/G;G/G;A/G;G/G;T/T;C/T;A/G;C/T;A/A;C/C;A/C
ND046.01;C/C;C/T;C/T;C/T;C/T;C/T;A/C;A/G;C/C;A/A;A/C;A/C;A/A;G/G;A/A;A/G;T/T;T/T;A/A;T/T;G/G;G/G;A/A;C/T;A/A;G/G;G/G;A/A;A/G;T/T;A/A;G/G;C/T;C/C;A/G;T/T;A/A;A/G;G/G;A/G;A/G;T/T;C/C;A/A;C/T;A/G;T/T;A/C
ND047.01;C/T;C/T;C/T;C/C;C/T;T/T;A/A;A/G;C/C;A/G;A/A;A/C;A/A;A/G;G/G;G/G;C/T;C/T;A/A;T/T;A/G;A/G;A/A;C/C;A/G;G/G;G/G;G/G;A/G;C/C;A/A;G/G;T/T;C/C;A/G;T/T;G/A;A/A;G/G;A/G;A/A;C/C;T/T;G/G;C/T;A/G;C/C;A/A
ND048.01;C/C;C/T;C/T;C/T;C/C;C/C;A/C;A/G;C/T;A/A;A/C;A/C;A/G;A/A;G/G;G/G;C/C;C/T;A/A;C/T;A/A;A/A;A/G;C/T;A/G;G/G;A/G;G/G;G/G;T/C;A/A;A/A;C/C;C/C;G/G;UND;G/A;A/G;G/G;G/G;A/G;C/C;C/C;A/A;C/T;A/G;T/T;A/C
ND049.01;T/T;T/T;T/T;C/T;C/T;C/C;C/C;A/G;T/T;A/A;A/C;A/C;G/G;G/G;A/G;A/G;C/T;C/T;A/A;C/T;A/G;A/G;G/G;T/T;A/A;G/G;A/G;A/G;A/G;T/C;A/G;A/G;T/T;C/C;A/A;C/T;G/A;A/A;G/G;A/G;A/A;T/T;C/C;A/A;C/T;G/G;C/T;A/C
ND050.01;C/C;T/T;T/T;C/T;C/T;C/C;A/C;A/G;C/T;G/G;A/C;A/C;A/A;A/A;A/G;A/A;C/C;C/T;A/A;C/C;A/G;A/A;G/G;C/T;G/G;G/G;A/G;G/G;A/G;T/T;A/A;A/A;C/C;C/C;A/G;C/C;G/A;A/G;G/G;A/G;A/G;C/T;T/T;A/A;C/T;A/G;T/T;UND
ND051.01;C/C;T/T;C/T;T/T;C/C;T/T;A/C;A/A;C/T;G/G;A/C;C/C;A/G;A/A;A/A;A/G;C/C;C/T;A/A;C/T;A/G;A/A;G/G;C/T;A/G;G/G;G/G;G/G;A/A;C/C;A/G;A/A;C/C;C/C;A/G;C/T;G/A;A/A;G/G;A/A;A/G;T/T;C/T;A/G;C/T;A/G;T/T;A/A
ND052.01;C/T;C/T;C/C;T/T;T/T;C/T;C/C;A/G;T/T;A/G;A/A;A/C;A/A;A/A;A/G;G/G;T/T;C/T;A/A;C/T;A/G;A/G;G/G;C/C;A/G;G/G;G/G;G/G;A/A;T/C;A/A;A/A;C/C;C/C;G/G;C/T;G/A;A/A;G/G;G/G;G/G;C/T;UND;A/G;T/T;A/G;C/T;UND
ND053.01;C/T;C/T;C/T;C/C;T/T;C/T;A/C;A/G;C/C;A/A;A/C;C/C;G/G;G/G;A/G;A/G;T/T;C/T;A/A;C/T;A/A;A/G;A/G;C/T;A/G;G/G;G/G;A/G;G/G;T/T;A/G;A/G;C/C;C/T;A/G;C/T;G/G;A/A;G/G;A/A;G/G;C/C;C/T;A/G;T/T;A/A;C/T;A/A
ND054.01;C/T;C/C;C/C;C/T;C/T;C/T;A/C;A/A;C/T;A/A;A/A;A/A;A/A;G/G;A/G;A/A;T/T;C/T;A/A;C/C;A/A;A/G;A/A;C/T;G/G;G/G;G/G;A/G;A/G;C/C;A/A;A/G;C/T;C/C;A/G;T/T;A/A;UND;G/G;G/G;A/A;C/T;C/T;A/G;C/C;G/G;T/T;A/A
ND056.01;T/T;T/T;C/T;C/T;C/T;T/T;C/C;A/G;C/C;A/G;A/C;A/C;A/G;A/G;A/G;A/G;T/T;C/T;A/G;C/C;A/G;A/G;A/G;C/C;A/G;G/G;G/G;G/G;G/G;T/T;A/A;G/G;C/C;C/T;G/G;C/T;G/G;A/A;G/G;A/G;A/G;C/T;C/T;A/G;C/C;G/G;C/C;A/C
ND057.01;C/T;C/T;C/C;C/T;C/T;T/T;A/A;G/G;T/T;A/G;C/C;A/C;A/G;A/G;A/G;A/A;T/T;T/T;A/G;C/T;A/A;A/A;A/G;T/T;G/G;G/G;A/G;A/G;A/G;C/C;A/A;G/G;T/T;C/T;A/G;C/T;A/A;A/A;G/G;G/G;A/G;C/T;T/T;A/A;C/T;G/G;C/C;A/C
ND058.01;C/T;C/T;C/C;T/T;T/T;C/T;C/C;A/G;C/T;A/A;A/C;A/A;G/G;G/G;G/G;A/G;C/T;C/T;A/A;C/C;A/G;A/A;A/G;C/C;G/G;G/G;A/A;A/G;A/G;C/C;A/G;A/A;C/C;C/C;A/G;C/C;A/A;A/A;G/G;A/G;A/A;C/T;C/T;A/G;T/T;A/G;C/C;A/C
ND059.01;T/T;T/T;C/C;T/T;T/T;T/T;A/C;G/G;C/C;A/G;C/C;A/C;G/G;A/A;A/A;G/G;C/T;C/T;A/A;C/C;A/G;A/G;A/G;T/T;A/G;G/G;G/G;G/G;G/G;T/C;A/G;A/A;C/T;C/C;A/A;C/T;G/A;G/G;G/G;G/G;A/G;C/C;C/T;A/G;C/T;A/G;T/T;A/A
ND060.01;C/T;T/T;C/T;T/T;C/C;C/C;A/C;A/G;C/C;A/G;C/C;A/A;G/G;A/A;A/A;A/G;C/T;C/T;A/A;C/C;A/A;G/G;A/G;C/T;G/G;G/G;A/G;A/A;G/G;T/C;A/G;A/A;C/C;T/T;A/A;C/T;A/A;A/G;G/G;A/G;A/A;T/T;C/T;G/G;C/T;A/G;C/T;A/A
ND061.01;C/C;T/T;C/T;T/T;C/T;C/T;A/C;A/A;T/T;A/A;C/C;A/C;A/G;G/G;A/G;A/A;C/C;C/C;A/A;T/T;A/G;A/G;G/G;C/C;G/G;G/G;A/A;A/G;A/A;T/T;A/A;A/G;C/T;C/T;G/G;T/T;G/A;A/A;G/G;A/G;A/G;C/T;C/C;A/G;C/T;A/G;C/T;A/A
ND062.01;T/T;C/T;T/T;C/T;C/T;C/C;C/C;A/A;T/T;G/G;C/C;A/A;A/G;A/G;A/G;A/G;C/C;C/T;A/A;C/C;A/A;G/G;A/A;C/T;G/G;G/G;G/G;G/G;A/G;C/C;A/A;G/G;T/T;C/C;A/G;C/T;A/A;A/G;G/G;A/G;G/G;C/C;C/C;A/G;C/C;A/A;C/C;UND
ND063.01;T/T;C/T;C/C;C/C;C/C;T/T;A/C;A/G;C/T;A/G;A/C;A/C;G/G;A/A;A/G;A/A;C/T;C/T;A/G;C/C;A/G;A/A;A/G;C/T;G/G;G/G;A/A;G/G;A/A;T/T;A/A;G/G;C/C;C/T;G/G;T/T;A/A;A/A;G/G;A/A;G/G;T/T;T/T;G/G;T/T;G/G;C/C;A/C
ND064.01;C/T;C/C;C/C;C/T;C/T;C/C;A/C;A/G;T/T;A/A;A/C;A/A;A/G;G/G;A/G;A/G;C/T;T/T;A/A;C/C;G/G;G/G;G/G;C/T;A/A;G/G;A/A;A/A;G/G;T/C;A/A;A/A;C/C;C/C;G/G;C/T;G/G;A/G;G/G;G/G;A/A;C/T;C/C;A/A;C/T;G/G;C/T;A/C
ND065.01;T/T;C/C;C/T;C/C;C/T;C/T;A/A;A/A;C/C;G/G;C/C;A/A;A/G;A/A;A/G;A/A;T/T;T/T;A/G;C/T;A/G;A/A;A/A;C/T;G/G;G/G;G/G;A/G;A/G;C/C;A/A;G/G;C/C;C/T;A/G;T/T;G/A;A/G;G/G;A/G;A/G;C/T;T/T;A/A;C/T;G/G;C/T;A/A
ND066.01;C/T;C/T;C/C;C/T;C/T;C/C;A/A;A/G;C/C;A/G;A/A;A/A;A/G;A/A;A/A;A/G;C/C;C/T;A/A;T/T;A/G;A/G;A/A;C/T;A/G;G/G;A/G;A/G;A/G;T/C;A/A;A/G;C/T;C/C;G/G;C/C;G/A;A/G;G/G;A/G;A/G;T/T;C/C;G/G;C/T;A/G;C/T;A/A
ND067.01;T/T;C/C;T/T;C/T;T/T;C/T;A/C;A/G;T/T;A/A;C/C;C/C;G/G;G/G;A/G;A/A;T/T;C/T;A/A;T/T;A/A;A/G;A/A;C/T;A/G;G/G;A/G;G/G;A/G;C/C;A/G;A/G;C/T;T/T;A/G;C/T;A/A;G/G;G/G;A/G;A/A;C/C;C/T;A/A;C/T;G/G;C/C;A/A
ND068.01;T/T;C/T;C/T;C/T;C/C;C/T;A/A;A/A;T/T;A/G;A/A;A/C;A/G;A/A;G/G;A/A;C/C;C/T;A/A;C/T;A/G;A/A;A/G;C/T;G/G;G/G;A/G;G/G;A/A;C/C;A/A;A/A;T/T;T/T;A/G;C/T;G/G;A/G;G/G;G/G;A/G;C/T;C/T;A/G;C/T;A/G;C/T;A/A
ND069.01;C/T;C/T;T/T;T/T;C/C;T/T;A/C;G/G;C/C;A/A;A/A;C/C;A/A;G/G;A/G;A/G;C/C;T/T;A/A;C/T;A/G;A/G;A/G;C/C;G/G;G/G;A/G;G/G;A/G;T/T;A/A;A/A;T/T;T/T;A/A;T/T;G/A;A/G;C/G;A/A;A/G;C/T;T/T;G/G;C/T;A/G;C/C;A/A
ND070.01;C/T;T/T;C/T;C/C;C/T;T/T;C/C;A/G;T/T;A/A;C/C;A/C;G/G;A/G;A/A;A/G;C/T;T/T;A/A;C/C;A/G;A/G;A/A;C/T;A/G;G/G;A/G;A/G;G/G;T/C;A/A;A/G;C/T;T/T;A/A;C/T;G/G;A/A;G/G;A/A;A/A;C/C;C/T;G/G;C/C;A/G;T/T;A/A
ND071.01;C/C;C/T;T/T;C/T;T/T;C/C;A/A;A/A;C/T;G/G;C/C;C/C;G/G;G/G;A/A;A/G;T/T;T/T;A/A;C/T;A/G;G/G;A/G;T/T;A/A;G/G;A/A;A/A;A/A;T/C;A/G;G/G;C/T;C/C;A/G;T/T;G/A;A/G;G/G;A/G;A/A;C/T;C/C;A/G;T/T;A/G;C/C;A/A
ND072.01;T/T;T/T;C/T;C/T;C/C;C/T;A/C;A/A;C/C;A/G;A/C;C/C;A/G;A/A;A/G;A/G;C/C;C/T;A/A;C/T;A/A;G/G;A/A;C/T;A/G;G/G;G/G;A/G;A/G;C/C;A/A;G/G;C/T;T/T;A/A;C/T;G/A;A/G;G/G;A/G;A/A;C/T;C/T;A/A;C/T;A/A;C/C;A/A
ND075.01;T/T;T/T;C/C;C/C;C/T;C/C;C/C;A/A;C/C;A/G;C/C;A/C;A/G;A/A;A/G;A/A;C/T;T/T;G/G;C/C;A/G;A/G;A/G;C/C;G/G;G/G;A/A;A/A;A/G;T/C;A/G;G/G;C/T;T/T;A/G;T/T;A/A;A/A;G/G;A/G;A/A;T/T;C/T;A/G;C/T;G/G;C/T;UND
ND077.01;T/T;T/T;C/C;T/T;T/T;T/T;A/C;G/G;C/T;G/G;A/A;A/A;A/G;A/G;A/G;A/A;C/C;C/T;A/A;C/T;A/A;A/G;A/A;C/C;G/G;G/G;A/A;A/G;A/G;T/C;A/A;A/A;C/C;C/T;A/G;T/T;A/A;A/A;G/G;A/G;A/A;C/T;C/C;G/G;C/T;A/G;C/C;A/A
ND078.01;T/T;C/C;C/C;T/T;T/T;T/T;C/C;A/A;T/T;A/G;A/A;C/C;A/G;G/G;A/G;A/A;C/C;C/C;A/A;C/C;A/G;G/G;A/G;C/C;A/G;G/G;A/A;A/G;A/A;T/C;A/A;A/G;C/T;C/C;G/G;T/T;G/G;A/A;G/G;A/A;G/G;C/C;C/T;G/G;C/T;A/G;C/T;A/A
ND080.01;T/T;C/T;C/T;C/T;C/T;C/T;C/C;A/A;C/T;A/G;A/C;A/C;G/G;A/G;A/G;G/G;C/T;C/C;A/A;C/C;G/G;A/G;A/A;C/C;A/G;G/G;A/G;A/G;A/G;T/C;A/A;A/G;C/C;C/T;G/G;C/T;G/A;UND;G/G;A/A;A/A;T/T;C/C;A/A;C/C;G/G;C/T;A/A
ND082.01;C/T;C/T;C/T;C/T;T/T;C/T;A/C;A/G;T/T;G/G;A/A;A/C;G/G;G/G;G/G;A/A;T/T;C/T;A/A;T/T;G/G;A/A;A/G;C/C;A/G;G/G;G/G;G/G;A/A;T/C;A/A;A/A;C/T;C/C;A/A;C/T;G/A;A/A;G/G;A/A;A/G;T/T;C/T;A/G;T/T;A/G;C/C;A/C
ND083.01;C/T;C/C;C/C;C/T;C/C;C/T;A/A;A/A;C/C;A/G;C/C;A/C;A/G;G/G;A/G;A/A;C/C;C/T;A/A;C/T;A/G;G/G;A/G;C/C;A/A;G/G;A/G;A/G;A/G;T/C;A/G;A/G;C/T;C/T;A/G;C/T;G/A;A/G;G/G;G/G;A/G;C/C;C/T;A/A;C/T;G/G;C/C;A/C
ND084.01;C/T;C/C;C/T;C/T;C/C;C/T;C/C;A/A;C/T;A/G;C/C;A/C;A/A;G/G;A/G;G/G;C/T;C/T;A/A;C/T;A/A;G/G;G/G;C/C;A/G;G/G;G/G;A/A;A/G;T/T;A/G;A/G;C/C;C/C;A/A;C/T;G/G;A/G;G/G;G/G;A/A;C/T;C/T;A/G;C/C;G/G;T/T;A/C
ND085.01;C/C;C/C;C/T;T/T;C/C;C/C;A/C;G/G;C/T;A/G;C/C;A/C;G/G;A/G;G/G;A/G;C/T;C/C;G/G;C/T;A/A;A/A;A/G;C/C;A/G;G/G;A/A;A/A;A/G;T/T;A/A;A/G;C/C;T/T;A/G;C/T;A/A;G/G;G/G;A/A;G/G;C/T;C/T;A/G;C/C;G/G;C/T;A/C
ND086.01;T/T;C/C;C/T;C/C;T/T;T/T;C/C;A/A;C/T;A/G;C/C;A/A;A/G;A/G;G/G;A/G;T/T;C/C;G/G;C/T;G/G;G/G;A/A;C/C;A/A;G/G;A/G;G/G;A/G;T/T;A/A;G/G;T/T;C/C;A/G;C/T;G/G;A/A;G/G;A/G;A/A;C/T;C/T;A/A;C/C;G/G;C/C;A/A
ND087.01;C/T;C/T;C/C;C/T;C/C;C/C;A/C;A/G;C/C;A/G;A/C;A/A;A/G;A/A;A/G;A/G;T/T;C/T;A/G;C/C;A/A;A/G;G/G;C/T;G/G;G/G;A/G;G/G;A/G;T/T;A/A;A/A;C/C;C/T;G/G;C/C;G/A;A/G;G/G;A/A;A/G;C/T;C/T;A/A;T/T;A/G;C/C;A/A
ND088.01;C/T;T/T;C/T;C/T;C/C;C/C;A/A;UND;T/T;A/A;A/C;A/C;A/G;A/A;G/G;A/A;C/C;C/C;A/G;C/T;G/G;A/G;A/A;C/T;A/A;G/G;A/G;G/G;A/G;T/C;A/A;A/G;C/T;C/T;A/G;C/T;G/A;A/G;G/G;A/A;A/A;T/T;C/T;A/G;C/T;A/G;T/T;A/C
ND089.01;C/T;C/C;C/C;C/T;C/T;T/T;A/A;A/A;C/T;A/G;C/C;C/C;A/G;G/G;A/A;A/G;C/T;C/C;A/A;C/C;A/A;A/A;A/G;C/T;G/G;G/G;A/G;G/G;G/G;T/C;A/G;G/G;C/T;C/C;G/G;T/T;A/A;A/A;G/G;A/G;A/A;T/T;C/C;A/G;T/T;G/G;C/T;UND
ND090.01;C/C;T/T;C/T;C/T;C/T;C/C;A/C;A/A;C/T;G/G;C/C;A/C;A/A;A/A;A/A;A/G;C/T;C/T;A/A;T/T;A/G;A/A;A/A;C/T;A/G;G/G;A/A;A/G;A/G;T/C;A/A;A/G;C/C;C/T;A/G;C/C;G/A;A/G;G/G;A/G;A/A;C/T;T/T;G/G;C/T;A/G;T/T;A/A
ND092.01;T/T;C/T;C/C;T/T;C/T;C/T;A/C;A/A;T/T;G/G;C/C;A/C;A/A;G/G;A/G;G/G;C/T;C/T;A/A;C/T;A/G;A/A;A/G;T/T;A/G;G/G;A/G;A/G;A/G;T/C;A/A;G/G;C/C;C/C;A/G;C/T;G/A;A/A;G/G;A/A;A/A;C/T;C/C;A/G;T/T;A/G;C/C;A/A
ND094.01;T/T;C/T;T/T;C/C;T/T;C/C;A/C;A/G;C/C;A/A;C/C;A/C;A/A;A/G;A/A;A/A;C/T;T/T;A/A;T/T;A/G;A/A;A/A;C/T;A/G;G/G;A/A;A/G;A/G;T/C;A/G;A/G;C/C;C/T;A/G;T/T;G/A;A/A;G/G;G/G;A/A;T/T;C/T;A/A;C/C;A/G;C/T;UND
ND095.01;T/T;C/C;T/T;C/T;C/C;C/T;A/A;A/G;T/T;A/A;C/C;A/C;A/G;G/G;A/A;A/A;C/T;C/C;A/G;C/T;A/G;A/A;G/G;C/C;A/G;G/G;A/G;A/G;A/A;T/C;A/A;A/A;C/C;T/T;A/G;C/T;G/G;G/G;G/G;G/G;A/G;C/C;C/T;G/G;C/T;G/G;C/T;A/C
ND096.01;C/T;C/C;C/C;C/C;T/T;C/C;A/A;A/G;C/T;G/G;A/C;A/C;A/G;G/G;A/G;A/G;T/T;C/C;A/A;C/T;G/G;G/G;A/G;C/C;G/G;G/G;A/G;A/G;A/A;T/C;A/A;G/G;C/T;T/T;G/G;C/T;G/A;A/G;G/G;A/G;A/G;C/T;C/T;G/G;C/C;A/G;C/T;UND
ND097.01;T/T;C/T;C/C;C/T;C/T;C/T;C/C;A/G;C/C;A/A;A/C;A/C;A/A;A/G;A/G;A/G;T/T;T/T;G/G;C/C;G/G;G/G;A/G;C/T;A/A;G/G;A/G;A/A;A/G;T/C;A/A;A/A;C/T;C/C;G/G;T/T;G/A;G/G;G/G;A/A;G/G;C/T;C/T;A/G;T/T;A/G;T/T;A/A
ND098.01;T/T;C/T;C/C;C/T;C/T;C/T;A/A;A/G;C/T;G/G;A/C;A/C;A/G;A/G;A/A;A/G;C/T;C/C;A/A;C/T;A/G;G/G;A/A;C/T;A/G;G/G;A/A;A/G;G/G;T/T;A/G;A/G;C/C;T/T;A/G;C/T;G/A;A/G;C/G;A/G;G/G;C/C;T/T;G/G;T/T;A/G;C/C;A/A
ND099.01;C/T;C/C;C/C;C/C;T/T;C/C;A/C;A/A;C/C;A/G;A/C;C/C;A/G;A/G;A/G;G/G;C/T;T/T;G/G;C/T;G/G;A/G;A/G;T/T;G/G;G/G;A/A;A/G;A/G;T/C;A/A;A/A;T/T;C/T;A/G;C/C;A/A;A/G;G/G;A/G;A/G;C/T;T/T;G/G;C/T;A/G;C/C;A/A
ND100.01;C/T;T/T;T/T;C/T;C/T;C/T;A/A;A/A;T/T;A/G;A/A;C/C;A/G;G/G;A/A;A/A;C/T;C/T;A/G;C/T;A/A;A/A;G/G;C/T;A/G;G/G;A/G;G/G;A/G;T/C;A/A;G/G;C/C;C/T;G/G;T/T;G/A;A/A;G/G;A/A;A/G;T/T;C/C;A/G;C/T;G/G;T/T;UND
ND101.01;C/T;C/C;C/T;C/C;C/T;C/C;C/C;A/A;C/T;G/G;A/A;A/C;A/G;A/G;A/G;G/G;C/T;C/T;A/G;T/T;G/G;A/A;A/G;C/T;A/G;G/G;A/A;A/G;A/G;C/C;A/A;A/G;C/T;C/T;A/G;C/C;G/A;A/G;G/G;G/G;A/G;C/C;C/T;A/A;C/T;G/G;C/T;UND
ND102.01;C/C;C/T;C/T;C/C;C/T;C/C;A/A;A/G;C/T;G/G;A/A;A/A;G/G;G/G;A/G;A/A;C/T;T/T;A/G;C/C;A/A;A/A;A/G;T/T;A/G;G/G;A/G;A/G;A/G;C/C;A/A;A/A;C/C;C/T;A/A;T/T;A/A;A/G;G/G;A/A;G/G;C/C;C/T;G/G;T/T;A/A;C/C;A/C
ND104.01;C/T;T/T;C/C;C/T;T/T;T/T;A/C;A/A;T/T;A/G;A/C;A/C;G/G;A/G;G/G;A/G;C/T;C/T;A/A;C/T;A/A;G/G;A/A;C/T;A/G;G/G;A/G;G/G;A/A;T/C;A/A;A/G;C/T;C/C;A/A;C/C;G/A;A/A;G/G;A/G;A/A;C/C;C/T;A/G;C/T;G/G;C/T;A/C
ND105.01;T/T;C/C;C/C;C/T;C/T;C/T;C/C;A/A;C/T;A/G;A/A;A/C;A/G;A/G;A/G;G/G;C/C;T/T;A/G;C/T;G/G;A/G;A/A;C/T;G/G;G/G;A/A;A/A;A/G;T/C;A/A;A/A;C/C;C/T;G/G;C/T;G/A;G/G;G/G;A/G;A/G;C/C;T/T;A/G;C/T;A/G;C/T;UND
ND106.01;C/C;C/T;C/T;C/T;C/T;C/T;A/A;A/G;C/T;A/G;A/C;A/C;A/G;G/G;A/G;A/G;C/T;C/C;G/G;C/T;A/G;A/A;A/G;C/T;G/G;G/G;A/A;G/G;A/G;T/C;A/A;A/G;T/T;C/T;A/G;C/T;G/A;A/A;G/G;A/A;A/A;C/C;C/T;A/A;C/T;G/G;C/T;A/A
ND107.01;C/T;T/T;C/T;C/T;C/T;C/C;A/A;A/A;C/C;A/G;C/C;A/A;G/G;A/G;A/G;A/G;T/T;C/T;A/A;C/C;A/G;UND;G/G;C/T;G/G;G/G;G/G;G/G;A/G;T/C;A/A;A/A;C/C;C/T;A/G;C/C;A/A;A/G;G/G;A/A;G/G;C/C;T/T;A/G;C/T;G/G;C/C;UND
ND108.01;T/T;C/T;C/T;C/C;C/C;C/T;A/A;A/A;T/T;A/A;A/C;C/C;A/G;A/G;A/A;A/G;C/T;T/T;A/A;C/T;G/G;A/G;A/G;C/C;G/G;G/G;A/G;A/G;A/A;T/C;A/A;A/A;T/T;T/T;A/G;C/C;A/A;UND;G/G;A/A;A/G;T/T;C/C;A/A;C/T;G/G;C/T;A/A
ND109.01;C/T;C/C;C/C;C/T;T/T;C/T;A/C;A/G;C/T;A/G;A/C;A/A;A/G;A/G;A/G;A/G;C/T;T/T;G/G;C/T;G/G;A/G;A/A;T/T;G/G;G/G;A/A;A/A;A/G;T/T;A/A;A/G;T/T;C/C;A/G;C/T;G/G;A/A;G/G;G/G;A/G;C/C;C/C;G/G;C/C;A/G;C/T;A/C
ND110.01;C/C;T/T;T/T;T/T;C/T;C/T;A/C;A/A;C/C;A/G;C/C;A/C;A/A;A/A;G/G;A/G;C/T;C/T;A/A;C/T;G/G;A/G;G/G;C/T;A/G;G/G;A/A;A/G;A/G;T/T;A/A;A/G;T/T;C/C;G/G;C/C;G/A;G/G;G/G;A/G;A/G;C/T;C/C;A/A;C/T;G/G;C/C;A/A
ND111.01;C/T;T/T;C/T;T/T;C/T;C/T;C/C;A/A;C/T;A/G;A/C;A/A;A/G;A/G;G/G;A/A;C/C;C/C;A/A;T/T;G/G;A/G;G/G;T/T;G/G;G/G;G/G;A/A;A/A;C/C;A/A;A/A;C/T;T/T;A/G;C/T;G/A;A/G;G/G;A/A;A/G;C/T;T/T;A/G;C/T;A/G;C/T;A/A
ND112.01;C/T;C/T;C/C;T/T;T/T;C/C;C/C;A/G;C/T;G/G;A/C;A/C;A/G;A/G;A/G;A/G;C/C;C/T;A/G;C/C;A/A;G/G;A/A;T/T;A/G;G/G;G/G;A/G;A/A;T/C;A/A;A/G;C/T;T/T;A/G;C/T;G/A;A/A;G/G;A/A;A/A;C/C;T/T;A/A;T/T;A/A;C/T;A/A
ND113.01;C/C;T/T;C/C;T/T;T/T;T/T;C/C;A/G;C/T;G/G;C/C;A/A;A/G;G/G;G/G;A/G;C/C;T/T;G/G;C/T;G/G;G/G;G/G;T/T;A/G;G/G;A/A;G/G;G/G;T/C;A/G;A/A;C/C;C/T;A/A;T/T;A/A;A/A;G/G;A/A;A/G;C/T;T/T;A/G;T/T;G/G;C/C;A/A
ND114.01;T/T;C/T;T/T;C/T;C/T;C/T;C/C;A/A;C/C;A/A;A/A;A/C;A/G;A/A;A/G;G/G;T/T;C/C;A/G;T/T;A/A;A/G;A/A;C/T;G/G;G/G;A/G;A/G;A/A;T/C;A/G;A/G;C/T;C/T;A/A;C/C;A/A;G/G;G/G;A/A;A/G;C/T;T/T;A/G;C/T;A/A;C/C;UND
ND115.01;C/T;C/T;T/T;C/T;C/C;C/T;A/C;A/G;C/C;A/G;A/C;A/C;A/A;G/G;A/A;A/G;C/C;T/T;A/A;C/C;G/G;A/G;A/A;C/T;G/G;G/G;A/G;G/G;G/G;T/T;A/A;A/A;C/T;C/T;A/G;C/T;G/A;A/G;G/G;A/G;A/G;C/T;C/T;A/A;C/T;A/A;C/T;A/A
ND116.01;T/T;T/T;C/T;C/C;T/T;C/C;A/C;A/A;C/T;A/G;A/C;A/C;A/A;A/G;G/G;A/A;C/C;T/T;A/A;C/C;A/A;A/G;G/G;C/T;A/A;G/G;A/A;A/G;A/G;C/C;A/A;A/G;C/C;T/T;G/G;C/T;A/A;G/G;G/G;A/A;A/G;T/T;C/T;G/G;T/T;A/A;T/T;A/A
ND118.01;T/T;C/T;C/T;T/T;C/C;C/C;A/C;A/A;C/C;A/G;A/C;A/C;A/G;G/G;A/G;A/G;C/C;C/T;A/A;C/T;G/G;A/G;A/G;C/T;G/G;G/G;A/A;A/G;A/G;C/C;A/A;A/G;C/T;T/T;A/G;T/T;A/A;G/G;G/G;A/A;A/G;C/T;C/T;A/G;C/T;G/G;C/T;A/C
ND119.01;C/C;C/C;C/C;C/T;C/T;C/C;A/A;A/G;C/T;A/G;A/C;A/A;G/G;G/G;A/A;A/G;C/T;T/T;A/A;T/T;G/G;A/G;A/G;C/T;G/G;G/G;A/G;G/G;G/G;C/C;A/A;A/G;C/C;T/T;G/G;C/T;G/G;G/G;G/G;A/G;A/A;C/T;C/T;A/G;C/T;A/G;C/T;A/A
ND120.01;C/C;T/T;T/T;C/T;C/C;C/T;A/C;A/G;C/T;A/G;C/C;A/C;A/G;A/A;A/G;A/A;C/T;C/C;A/A;C/C;A/G;A/A;A/A;C/T;A/G;G/G;G/G;G/G;A/A;C/C;A/A;A/G;C/T;C/T;A/G;C/T;G/A;A/A;G/G;A/G;A/G;T/T;T/T;A/G;T/T;A/A;C/T;A/A
ND121.01;C/T;C/T;C/C;C/T;T/T;C/T;A/C;A/A;C/C;A/G;A/A;C/C;A/G;G/G;G/G;A/G;T/T;C/T;A/G;C/C;A/G;G/G;A/A;C/C;A/A;G/G;A/A;A/G;A/A;T/C;A/A;A/G;C/T;C/T;A/A;C/T;G/A;A/A;G/G;A/G;A/A;C/T;C/T;A/G;C/C;A/A;C/T;UND
ND123.01;C/T;C/T;T/T;C/C;C/T;C/T;A/C;A/A;T/T;A/G;A/C;A/C;A/A;A/A;A/G;A/G;C/T;T/T;A/A;C/T;G/G;G/G;A/G;T/T;A/A;G/G;A/A;A/G;A/G;T/C;A/G;A/G;C/T;C/C;G/G;C/C;A/A;G/G;G/G;A/G;A/G;C/T;C/T;A/G;C/T;G/G;C/T;A/A
ND124.01;T/T;C/T;T/T;C/C;C/T;T/T;A/A;G/G;C/C;A/A;C/C;A/C;A/A;A/A;A/G;G/G;C/C;T/T;A/A;C/C;A/G;G/G;A/G;C/T;A/G;G/G;A/A;G/G;A/G;T/C;A/G;A/G;C/T;T/T;A/G;T/T;G/A;A/G;G/G;A/A;A/A;C/C;C/T;A/A;C/C;A/G;C/T;A/C
ND125.01;C/T;C/C;C/T;C/C;C/T;C/C;A/A;G/G;T/T;A/G;A/A;A/C;A/G;A/G;G/G;A/A;C/C;T/T;A/A;T/T;G/G;A/A;A/G;C/T;A/G;G/G;A/A;A/G;G/G;C/C;A/A;A/A;C/C;C/C;A/A;C/T;G/G;A/G;G/G;A/A;A/G;C/T;C/C;A/G;C/C;G/G;C/C;UND
ND126.01;T/T;C/T;C/T;C/C;C/T;C/C;C/C;A/G;C/T;A/G;A/C;A/C;A/A;A/A;A/G;G/G;C/T;T/T;A/G;T/T;A/A;A/A;A/G;T/T;A/G;G/G;A/G;A/G;A/A;T/T;A/A;G/G;C/T;C/T;A/A;T/T;G/G;A/G;G/G;A/G;A/A;T/T;C/C;A/A;T/T;G/G;T/T;A/A
ND127.01;T/T;T/T;C/T;C/T;T/T;C/T;A/C;A/G;C/T;G/G;C/C;A/C;A/G;A/G;A/A;A/G;C/C;C/T;A/A;C/T;A/G;A/G;A/G;C/T;A/G;G/G;A/G;G/G;A/G;C/C;A/A;A/A;T/T;C/C;A/G;T/T;G/A;G/G;G/G;A/G;A/A;C/T;C/C;A/G;C/T;G/G;C/T;A/A
ND128.01;T/T;T/T;C/C;T/T;C/C;C/C;C/C;A/G;C/C;A/A;C/C;A/C;A/A;A/G;A/G;A/A;C/C;C/T;A/A;C/T;G/G;A/G;G/G;T/T;A/G;G/G;G/G;A/G;G/G;T/C;A/G;A/A;T/T;C/C;A/G;C/T;G/A;A/A;G/G;A/A;A/G;C/T;C/T;A/A;C/T;A/G;T/T;A/A
ND129.01;T/T;C/T;C/C;T/T;C/T;T/T;A/A;A/G;C/T;A/G;C/C;C/C;A/G;A/G;A/G;G/G;C/T;T/T;G/G;C/T;A/G;G/G;A/G;T/T;G/G;G/G;G/G;A/A;A/G;T/C;A/A;A/G;C/C;C/C;A/A;T/T;G/A;A/A;G/G;A/G;G/G;T/T;C/T;A/G;C/T;A/G;C/T;UND
ND130.01;C/C;C/T;T/T;C/T;T/T;C/T;C/C;G/G;C/C;G/G;A/C;A/C;G/G;A/G;A/G;A/A;C/C;C/T;A/A;C/C;A/A;A/A;A/A;C/T;G/G;G/G;A/G;A/G;A/G;T/C;A/A;A/G;C/T;C/T;A/G;C/T;G/A;A/A;G/G;A/G;A/G;C/C;C/T;A/G;C/C;A/G;C/T;A/C
ND131.01;C/T;C/T;C/T;C/T;C/T;C/C;C/C;A/G;UND;A/G;A/C;C/C;A/G;G/G;G/G;A/A;C/C;C/C;G/G;T/T;G/G;A/G;G/G;C/T;A/G;G/G;A/A;G/G;A/G;T/C;A/G;A/G;C/C;T/T;A/A;C/T;G/A;A/G;G/G;A/A;A/A;C/T;C/T;A/A;T/T;A/G;C/C;UND
ND132.01;T/T;C/C;C/C;C/T;C/C;C/C;A/C;A/A;C/C;G/G;A/C;A/A;A/G;G/G;G/G;A/G;C/T;T/T;A/A;T/T;A/A;A/A;A/A;C/T;G/G;G/G;A/G;G/G;G/G;T/T;A/A;A/A;C/T;T/T;G/G;C/C;G/A;A/A;G/G;A/G;A/G;T/T;C/T;A/A;C/T;G/G;C/T;A/A
ND133.01;C/T;T/T;C/T;C/T;C/T;T/T;A/C;A/G;C/C;A/G;A/C;C/C;A/G;A/A;A/G;G/G;C/C;T/T;A/G;T/T;G/G;A/A;A/G;C/T;A/G;G/G;A/A;G/G;A/G;T/T;A/A;A/G;C/C;C/C;A/A;C/T;G/A;A/G;G/G;A/G;G/G;C/C;T/T;A/G;C/T;A/G;T/T;A/A
ND134.01;C/T;T/T;C/T;T/T;C/T;T/T;A/A;A/G;T/T;A/G;C/C;A/A;A/G;G/G;A/A;G/G;C/C;C/C;A/G;T/T;G/G;A/G;A/G;C/C;G/G;G/G;A/G;G/G;A/G;C/C;A/A;A/G;C/C;C/C;A/G;T/T;G/G;G/G;G/G;A/A;G/G;T/T;C/C;A/A;C/C;A/A;T/T;A/A
ND135.01;C/T;C/C;C/T;C/T;C/T;T/T;A/C;A/G;C/T;A/G;A/C;C/C;A/A;A/G;G/G;A/G;C/T;C/T;G/G;T/T;A/G;A/G;A/G;T/T;A/G;G/G;A/A;A/A;A/G;T/C;A/G;A/A;T/T;C/C;A/G;C/C;G/G;A/G;G/G;A/G;A/G;C/C;C/T;A/A;C/T;G/G;T/T;A/C
ND136.01;T/T;C/T;C/T;C/T;C/T;C/T;A/C;A/A;C/C;A/A;A/A;C/C;A/A;A/A;A/G;A/G;C/C;C/C;A/A;T/T;G/G;A/G;A/A;C/T;A/G;G/G;A/A;A/G;A/G;T/C;A/G;A/G;C/C;C/T;G/G;C/T;G/G;A/G;G/G;A/A;G/G;C/T;C/T;A/G;C/T;A/G;C/C;A/C
ND137.01;C/C;C/C;C/C;C/T;C/C;C/T;A/A;A/A;C/C;A/G;A/C;C/C;A/A;A/G;A/A;A/A;C/T;C/T;A/A;C/T;A/A;G/G;A/A;C/C;A/G;G/G;G/G;A/G;G/G;T/T;A/A;G/G;C/T;T/T;A/A;C/T;G/G;A/G;G/G;G/G;A/A;C/T;T/T;A/G;C/T;A/A;T/T;A/A
ND138.01;C/T;C/C;T/T;C/T;C/C;C/C;A/C;A/G;C/T;A/G;C/C;A/C;G/G;A/G;A/A;A/G;C/C;C/T;A/A;C/T;G/G;A/G;A/G;C/C;A/A;G/G;A/G;G/G;A/A;T/C;A/A;A/A;C/C;C/C;A/G;C/T;G/A;A/G;G/G;A/G;A/A;C/C;T/T;G/G;C/T;A/G;C/T;A/C
ND140.01;T/T;C/T;C/T;C/T;C/C;C/C;A/C;A/G;C/C;G/G;A/A;C/C;A/G;A/G;A/G;A/G;C/T;C/T;A/A;T/T;A/G;A/G;A/A;C/T;A/A;G/G;A/G;G/G;A/A;C/C;A/A;A/G;T/T;C/C;A/A;C/C;G/A;A/A;G/G;A/G;G/G;C/T;C/T;A/G;T/T;A/G;C/T;A/C
ND141.01;T/T;C/T;C/T;C/T;C/T;T/T;A/C;A/G;C/C;G/G;A/A;A/C;A/G;A/G;A/A;G/G;C/T;T/T;A/G;C/T;A/G;A/A;A/A;C/T;A/G;G/G;A/A;A/G;A/A;T/C;A/A;G/G;T/T;C/T;A/A;C/T;G/G;A/G;G/G;A/A;G/G;C/T;C/T;A/G;C/T;A/A;C/T;A/A
ND143.01;T/T;C/T;C/T;T/T;C/C;C/T;A/C;G/G;T/T;A/G;C/C;A/C;A/A;G/G;A/G;A/G;C/C;C/C;A/G;C/T;A/G;G/G;A/G;T/T;A/G;G/G;G/G;A/A;A/G;T/C;A/A;A/G;C/T;C/T;G/G;C/T;G/A;A/A;G/G;A/G;A/A;C/T;C/T;A/G;T/T;A/G;C/C;A/A
ND145.01;T/T;C/T;C/T;C/T;C/C;C/T;C/C;A/G;C/T;A/G;A/C;A/C;A/G;G/G;A/G;A/G;C/C;T/T;G/G;C/T;A/G;A/A;A/G;C/C;G/G;G/G;A/A;A/G;A/G;T/C;A/A;A/A;T/T;C/C;A/A;T/T;G/G;A/G;G/G;A/A;G/G;C/C;C/C;A/G;C/C;A/G;T/T;UND
ND145.02;T/T;C/T;C/T;C/T;C/T;C/T;C/C;A/G;C/T;A/G;A/C;A/A;A/A;G/G;G/G;A/A;C/C;T/T;A/G;C/C;A/G;A/A;G/G;C/C;G/G;G/G;A/A;A/G;A/G;T/C;A/A;A/G;C/T;C/C;A/G;T/T;G/A;A/G;G/G;A/G;G/G;C/C;C/C;G/G;C/C;A/A;T/T;A/A
ND146.01;C/T;T/T;T/T;T/T;C/T;T/T;A/C;A/A;C/T;A/G;A/C;A/A;A/G;A/G;G/G;G/G;T/T;C/T;A/A;C/C;A/A;G/G;A/A;C/T;A/G;G/G;A/G;A/A;A/A;T/C;A/A;A/G;C/C;T/T;A/A;C/C;G/A;A/A;G/G;A/G;G/G;T/T;C/T;A/A;T/T;A/A;C/T;A/A
ND147.01;C/C;C/C;C/C;C/T;C/T;C/T;A/C;A/G;C/C;A/G;A/C;A/C;G/G;A/A;A/A;A/A;C/T;C/T;A/G;C/T;A/G;G/G;A/A;T/T;A/G;G/G;A/A;A/G;A/A;C/C;A/A;G/G;C/C;T/T;G/G;C/T;A/A;A/A;G/G;A/G;G/G;C/T;C/C;G/G;T/T;A/G;T/T;A/A
ND148.01;C/T;C/T;C/T;C/C;C/T;C/T;A/C;G/G;C/T;A/G;C/C;C/C;A/G;A/G;G/G;A/A;T/T;C/C;A/A;C/C;A/G;A/G;A/G;C/C;A/G;G/G;A/G;A/G;A/G;T/C;A/A;G/G;C/T;C/T;A/A;C/T;G/A;A/A;G/G;A/G;G/G;C/T;C/T;A/G;C/T;A/G;T/T;A/A
ND149.01;C/T;T/T;C/C;C/C;C/T;T/T;A/C;A/G;T/T;A/G;C/C;C/C;G/G;G/G;A/G;A/G;T/T;C/T;A/A;C/T;G/G;A/A;A/G;C/T;G/G;G/G;A/G;A/G;A/G;C/C;A/G;A/G;C/T;C/T;A/G;C/C;G/A;A/G;G/G;A/A;A/G;C/C;C/C;A/G;T/T;A/G;C/C;A/A
ND150.01;C/C;T/T;C/C;C/T;T/T;C/C;A/C;G/G;C/C;G/G;A/C;A/C;G/G;A/A;A/G;A/G;T/T;T/T;A/G;T/T;A/G;A/G;G/G;T/T;A/G;G/G;A/G;A/G;A/G;C/C;A/A;A/G;C/T;C/T;A/A;C/C;G/A;G/G;G/G;G/G;G/G;C/T;C/C;G/G;C/T;A/A;C/T;A/A
ND151.01;T/T;C/C;T/T;C/T;C/C;C/T;C/C;A/G;C/C;A/A;C/C;C/C;G/G;A/G;A/G;A/A;C/T;C/C;G/G;C/T;A/G;UND;A/A;C/C;A/G;G/G;A/A;A/G;A/G;T/T;A/A;A/G;C/C;C/C;A/G;T/T;G/A;A/A;G/G;A/G;G/G;C/T;C/T;A/G;C/T;A/G;T/T;A/A
ND152.01;T/T;C/T;C/C;C/C;C/T;C/T;A/A;G/G;C/T;A/G;A/C;A/C;A/A;G/G;A/A;A/A;C/T;T/T;A/G;C/T;A/G;A/G;A/A;C/C;A/G;G/G;A/A;G/G;A/G;T/T;A/A;A/G;C/C;C/T;A/G;C/C;A/A;A/A;G/G;A/A;A/G;T/T;C/C;G/G;C/C;G/G;C/T;A/C
ND153.01;T/T;C/T;C/T;C/T;T/T;C/T;C/C;A/A;C/T;A/G;A/C;A/C;G/G;G/G;A/G;A/G;C/T;C/C;A/A;C/C;G/G;A/G;A/G;T/T;A/A;G/G;A/A;A/G;A/A;T/C;A/G;A/G;C/T;C/C;A/A;C/T;G/A;G/G;G/G;A/G;G/G;C/C;C/C;G/G;C/C;A/G;C/C;UND
ND154.01;C/T;T/T;C/T;T/T;T/T;C/T;A/A;G/G;T/T;A/G;A/A;A/A;A/G;G/G;A/G;G/G;C/C;C/C;A/A;C/T;A/G;A/G;A/G;C/C;A/A;G/G;A/G;G/G;A/G;T/C;A/A;A/G;T/T;C/C;A/G;C/C;G/G;A/G;G/G;A/A;A/A;C/T;C/C;A/A;C/C;A/G;T/T;A/C
ND155.01;C/T;C/T;C/T;C/T;C/T;C/T;A/C;A/A;C/C;A/A;A/C;C/C;A/G;A/G;A/G;A/G;C/T;T/T;G/G;C/T;A/G;A/G;A/G;C/C;A/G;G/G;A/G;A/G;A/A;T/C;A/G;A/A;C/C;C/C;A/G;C/T;G/A;A/A;G/G;A/A;A/A;C/T;C/T;A/G;T/T;A/A;T/T;A/A
ND156.01;T/T;C/T;C/T;C/T;T/T;C/T;A/A;A/G;C/T;A/A;C/C;A/A;A/G;A/G;A/G;A/G;C/T;C/C;A/A;C/C;A/G;A/A;A/A;C/C;G/G;G/G;A/G;A/G;A/G;T/T;A/A;A/G;C/C;C/T;A/G;T/T;A/A;G/G;G/G;A/G;G/G;C/C;C/C;A/G;C/T;A/A;C/T;A/C
ND157.01;C/T;C/T;C/C;C/T;C/C;T/T;A/C;G/G;C/T;A/G;C/C;A/A;A/A;A/G;A/A;A/A;C/T;C/T;A/A;C/T;G/G;A/A;A/A;C/C;A/G;G/G;G/G;A/G;G/G;C/C;A/A;A/A;C/C;T/T;A/G;C/T;G/G;A/A;G/G;G/G;A/G;C/T;C/T;A/A;C/T;G/G;C/T;A/C
ND158.01;C/T;C/C;C/T;C/T;C/T;C/C;A/A;A/G;C/T;A/A;A/C;C/C;A/A;A/A;A/A;A/G;C/T;C/C;A/A;C/C;A/G;A/A;A/G;C/C;A/G;G/G;A/G;G/G;A/G;T/C;A/A;A/G;C/T;C/C;G/G;C/C;G/A;A/A;G/G;A/G;A/G;T/T;C/C;G/G;C/T;A/G;C/T;A/A
ND159.01;C/T;C/T;C/T;C/C;T/T;C/T;A/A;G/G;T/T;G/G;A/A;C/C;A/A;A/G;A/A;A/G;C/T;C/T;A/A;T/T;A/G;A/G;A/A;C/C;G/G;G/G;A/G;G/G;G/G;T/C;A/A;A/A;C/T;C/C;A/G;T/T;G/A;A/G;G/G;G/G;A/G;T/T;T/T;A/G;C/C;G/G;C/T;A/C
ND160.01;T/T;C/T;C/T;T/T;C/C;C/C;A/C;A/A;C/C;A/G;A/C;A/C;A/G;G/G;A/G;A/G;C/C;C/T;A/A;C/T;G/G;A/G;A/G;C/T;G/G;G/G;A/A;A/G;A/G;C/C;A/A;A/G;C/T;T/T;A/G;T/T;A/A;G/G;G/G;A/A;A/G;C/T;C/T;A/G;C/T;G/G;C/T;UND
ND161.01;T/T;C/T;C/T;C/C;C/C;C/T;A/C;A/G;C/T;G/G;A/C;C/C;A/A;G/G;A/A;A/G;C/T;T/T;A/A;T/T;A/G;A/G;A/A;C/T;A/A;G/G;A/G;A/A;A/A;C/C;A/A;A/G;T/T;T/T;A/G;C/T;G/A;A/A;G/G;G/G;A/G;C/T;C/T;A/A;C/T;A/G;C/T;UND
ND162.01;C/T;C/T;T/T;T/T;T/T;C/C;A/C;G/G;C/C;A/A;A/A;C/C;A/A;A/A;A/G;A/G;C/C;T/T;G/G;C/T;A/G;A/G;A/G;T/T;A/G;G/G;A/A;G/G;A/G;T/C;A/G;A/G;C/C;C/C;A/A;C/T;G/A;A/A;G/G;A/A;A/A;C/T;C/T;A/G;T/T;A/G;T/T;A/A
